Vendor Name,ecstasy,methamphetamine,lsd,ketamine,dmt,marijuana,benzodiazepines,amphetamine,hashish,oxycodone,others,cocaine,heroin,psilocybin,buprenorphine
-Lenas-BioLaden-,0.0,0.0,0.0,0.0,0.0,0.7983193277310925,0.0,0.0,0.20168067226890757,0.0,0.0,0.0,0.0,0.0,0.0
0a74ad41873d53e50e9dce228c96433c,0.1827956989247312,0.06093189964157706,0.034050179211469536,0.0,0.0,0.0,0.0,0.0,0.0,0.0,0.0,0.34408602150537637,0.3781362007168459,0.0,0.0
24-7SmokeShop,0.0,0.0,0.0,0.0,0.0,1.0,0.0,0.0,0.0,0.0,0.0,0.0,0.0,0.0,0.0
420HighStreet,0.0,0.0,0.0,0.0,0.0,1.0,0.0,0.0,0.0,0.0,0.0,0.0,0.0,0.0,0.0
550d05ab240ec337038af814ff0de287,0.26732673267326734,0.0,0.0,0.06930693069306931,0.0,0.0891089108910891,0.0,0.2079207920792079,0.0594059405940594,0.0,0.0,0.3069306930693069,0.0,0.0,0.0
8cbbe8be5c9aef66a501a1b25e17efb7,0.2711864406779661,0.0847457627118644,0.0,0.0,0.0,0.0,0.4406779661016949,0.00847457627118644,0.0,0.1016949152542373,0.0423728813559322,0.05084745762711865,0.0,0.0,0.0
9incecloud,0.0,0.0,0.0,0.0,0.0,0.0,0.0,0.0,0.0,0.0,0.0,0.0,1.0,0.0,0.0
A1CRACK,0.0,0.0,0.0,0.0,0.0,0.0,1.0,0.0,0.0,0.0,0.0,0.0,0.0,0.0,0.0
Alagbada726,0.0,0.0,0.0,0.0,0.0,0.0,0.525,0.475,0.0,0.0,0.0,0.0,0.0,0.0,0.0
AlanCuring420_UK,0.0,0.0,0.0,0.0,0.0,0.984,0.0,0.0,0.016,0.0,0.0,0.0,0.0,0.0,0.0
Americansteroids,0.0,0.0,0.0,0.0,0.0,0.0,0.0,0.0,0.0,0.0,1.0,0.0,0.0,0.0,0.0
Aphelion,0.0,0.0,1.0,0.0,0.0,0.0,0.0,0.0,0.0,0.0,0.0,0.0,0.0,0.0,0.0
BlackSheepSquadron,0.0,0.0,0.0,0.0,0.0,0.0,0.0,0.0,0.0,0.0,0.0,0.0,0.0,0.0,1.0
BlueFairy,0.0,0.0,0.0,0.0,1.0,0.0,0.0,0.0,0.0,0.0,0.0,0.0,0.0,0.0,0.0
Boliko,0.0,0.0,0.0,0.0,0.0,0.0,0.0,0.0,0.0,0.0,0.0,1.0,0.0,0.0,0.0
BudWorld,0.0,0.0,0.0,0.0,0.0,1.0,0.0,0.0,0.0,0.0,0.0,0.0,0.0,0.0,0.0
BuddyBLAZE,0.0,0.0,0.0,0.0,0.0,1.0,0.0,0.0,0.0,0.0,0.0,0.0,0.0,0.0,0.0
CalSource,0.0,0.0,0.0,0.0,0.0,0.0,0.0,0.0,1.0,0.0,0.0,0.0,0.0,0.0,0.0
CaliCartel,0.0,0.391304347826087,0.0,0.0,0.0,0.0,0.0,0.017391304347826087,0.0,0.0,0.0,0.591304347826087,0.0,0.0,0.0
CaliDrugCo,0.0,0.0,0.0,0.0,0.0,0.0,0.0,0.0,0.0,0.0,0.0,0.20588235294117646,0.7941176470588235,0.0,0.0
Cannabuds,0.0,0.0,0.0,0.0,0.0,0.989010989010989,0.0,0.0,0.01098901098901099,0.0,0.0,0.0,0.0,0.0,0.0
CaptainPirate,0.0,0.0,0.0,0.0,0.0,0.0,1.0,0.0,0.0,0.0,0.0,0.0,0.0,0.0,0.0
Cash_King,0.0,0.0,0.0,0.0,0.0,0.0,1.0,0.0,0.0,0.0,0.0,0.0,0.0,0.0,0.0
CheechandChongAB,0.0,0.0,0.0,0.0,0.0,0.0,0.0,0.0,0.0,0.0,0.0,1.0,0.0,0.0,0.0
ChemicalConnection,0.0,0.0,0.0,0.0,0.0,0.0,0.5494505494505495,0.0,0.0,0.0,0.0,0.0,0.0,0.0,0.45054945054945056
ChillChem,0.49746192893401014,0.0,0.0,0.0,0.0,0.0,0.5025380710659898,0.0,0.0,0.0,0.0,0.0,0.0,0.0,0.0
Cocaineandbrandy,0.0,0.0,0.0,0.0,0.0,0.0,0.0,0.0,0.0,0.0,0.0,1.0,0.0,0.0,0.0
CryptoICE,0.0,1.0,0.0,0.0,0.0,0.0,0.0,0.0,0.0,0.0,0.0,0.0,0.0,0.0,0.0
DCdutchconnectionUK,0.8786764705882353,0.0,0.1213235294117647,0.0,0.0,0.0,0.0,0.0,0.0,0.0,0.0,0.0,0.0,0.0,0.0
DDUK-NDD,0.0,0.0,0.0,0.0,0.0,0.0,1.0,0.0,0.0,0.0,0.0,0.0,0.0,0.0,0.0
DMT-lovestore,0.0,0.0,0.0,0.0,1.0,0.0,0.0,0.0,0.0,0.0,0.0,0.0,0.0,0.0,0.0
DOPE_CHEF,0.0,0.0,0.0,0.0,0.0,0.0,0.0,0.0,0.0,0.0,0.0,1.0,0.0,0.0,0.0
DRUGPOOL,0.0,1.0,0.0,0.0,0.0,0.0,0.0,0.0,0.0,0.0,0.0,0.0,0.0,0.0,0.0
DerSandmann,0.0,0.0,0.0,0.0,0.0,0.0,0.0,0.0,0.0,0.0,0.0,1.0,0.0,0.0,0.0
Discover,0.0,0.0,0.0,0.0,0.0,0.0,1.0,0.0,0.0,0.0,0.0,0.0,0.0,0.0,0.0
DispensaryDash,0.0,0.0,0.0,0.0,0.0,1.0,0.0,0.0,0.0,0.0,0.0,0.0,0.0,0.0,0.0
DoctorCannabis,0.0,0.0,0.0,0.0,0.0,1.0,0.0,0.0,0.0,0.0,0.0,0.0,0.0,0.0,0.0
DoktorGreen,0.0,0.0,0.0,0.0,0.0,1.0,0.0,0.0,0.0,0.0,0.0,0.0,0.0,0.0,0.0
DoktorKosmos,0.42777777777777776,0.0,0.0,0.0,0.0,0.0,0.0,0.5722222222222222,0.0,0.0,0.0,0.0,0.0,0.0,0.0
DrOxy,0.0,0.0,0.0,0.0,0.0,0.0,0.0,0.0,0.0,1.0,0.0,0.0,0.0,0.0,0.0
DrRubiks,0.0,0.0,0.0,0.0,0.0,0.0,0.0,0.0,0.0,0.0,0.0,1.0,0.0,0.0,0.0
Dr_Seuss_CA,0.0,0.0,1.0,0.0,0.0,0.0,0.0,0.0,0.0,0.0,0.0,0.0,0.0,0.0,0.0
Dr_Seuss_FR,0.0,0.0,1.0,0.0,0.0,0.0,0.0,0.0,0.0,0.0,0.0,0.0,0.0,0.0,0.0
Duckthugg,0.0,0.0,0.0,0.0,0.0,0.0,0.0,0.0,0.0,0.0,0.0,1.0,0.0,0.0,0.0
EPharma,0.0,0.0,0.0,0.0,0.0,0.0,0.568,0.0,0.0,0.0,0.432,0.0,0.0,0.0,0.0
ETHER_MART,0.0,0.0,0.0,0.0,0.0,0.0,0.0,0.0,0.0,0.0,0.0,0.0,1.0,0.0,0.0
EYDirect,0.35555555555555557,0.0,0.375,0.23055555555555557,0.0,0.0,0.0,0.027777777777777776,0.0,0.0,0.011111111111111112,0.0,0.0,0.0,0.0
French_camorra,0.0,0.0,0.0,0.0,0.0,1.0,0.0,0.0,0.0,0.0,0.0,0.0,0.0,0.0,0.0
GRUENEWALDSCAVE,1.0,0.0,0.0,0.0,0.0,0.0,0.0,0.0,0.0,0.0,0.0,0.0,0.0,0.0,0.0
Gladyman,0.45394736842105265,0.0,0.0,0.0,0.0,0.0,0.0,0.0,0.0,0.0,0.5460526315789473,0.0,0.0,0.0,0.0
GreenFingers,0.0,0.0,0.0,0.0,0.0,0.08955223880597014,0.0,0.0,0.9104477611940298,0.0,0.0,0.0,0.0,0.0,0.0
GreenSupreme,0.0,0.0,0.0,0.0,0.0,0.18181818181818182,0.0,0.0,0.7972027972027972,0.0,0.0,0.02097902097902098,0.0,0.0,0.0
Grenouillebleu,0.0,0.0,0.0,0.0,0.0,1.0,0.0,0.0,0.0,0.0,0.0,0.0,0.0,0.0,0.0
GrimReefer420,0.0,0.0,0.0,0.0,0.0,1.0,0.0,0.0,0.0,0.0,0.0,0.0,0.0,0.0,0.0
HQoz,1.0,0.0,0.0,0.0,0.0,0.0,0.0,0.0,0.0,0.0,0.0,0.0,0.0,0.0,0.0
HappyDutch,0.6099585062240664,0.0,0.0,0.0,0.0,0.0,0.0,0.0,0.0,0.0,0.0,0.3900414937759336,0.0,0.0,0.0
HeinekenExpress,0.3674033149171271,0.20165745856353592,0.20994475138121546,0.04419889502762431,0.0,0.04419889502762431,0.016574585635359115,0.08011049723756906,0.0027624309392265192,0.016574585635359115,0.013812154696132596,0.0027624309392265192,0.0,0.0,0.0
HerbinLegend,0.0,0.0,0.0,0.0,0.0,0.0,0.0,0.0,1.0,0.0,0.0,0.0,0.0,0.0,0.0
HonestTrader,0.8363636363636363,0.0,0.0,0.0,0.16363636363636364,0.0,0.0,0.0,0.0,0.0,0.0,0.0,0.0,0.0,0.0
Hyperamigo,0.0,0.0,0.0,0.0,0.0,0.0,1.0,0.0,0.0,0.0,0.0,0.0,0.0,0.0,0.0
ICE-CUBE,0.0,1.0,0.0,0.0,0.0,0.0,0.0,0.0,0.0,0.0,0.0,0.0,0.0,0.0,0.0
JUNY,0.0,0.0,0.0,0.0,0.0,0.0,0.10948905109489052,0.7299270072992701,0.0,0.16058394160583941,0.0,0.0,0.0,0.0,0.0
JerryGarcia,0.0,0.0,0.9897959183673469,0.0,0.0,0.0,0.0,0.0,0.01020408163265306,0.0,0.0,0.0,0.0,0.0,0.0
KingPharma,0.0,0.0,0.0,0.0,0.0,0.0,1.0,0.0,0.0,0.0,0.0,0.0,0.0,0.0,0.0
Kman3000,0.0,0.0,0.0,1.0,0.0,0.0,0.0,0.0,0.0,0.0,0.0,0.0,0.0,0.0,0.0
KungMarkatta,0.0,0.0,0.0,0.0,0.0,0.0,0.0,0.0,0.0,0.0,0.0,0.0,0.0,1.0,0.0
LiLXanax,0.0,0.0,0.0,0.0,0.0,0.0,1.0,0.0,0.0,0.0,0.0,0.0,0.0,0.0,0.0
LightBroker,0.0,0.0,1.0,0.0,0.0,0.0,0.0,0.0,0.0,0.0,0.0,0.0,0.0,0.0,0.0
LySanDerspooner,0.0,0.0,0.0,0.0,0.0,0.0,1.0,0.0,0.0,0.0,0.0,0.0,0.0,0.0,0.0
MaggieThatcher,0.0,0.0,0.0,0.0,0.0,0.0,0.737037037037037,0.26296296296296295,0.0,0.0,0.0,0.0,0.0,0.0,0.0
Manny101_DM,0.0,0.0,0.0,0.0,0.0,0.0,0.0,0.0,1.0,0.0,0.0,0.0,0.0,0.0,0.0
Mastery,0.0,0.0,0.0,0.0,0.0,0.0,0.0,0.0,0.0,0.0,0.0,1.0,0.0,0.0,0.0
MercenaryGB,0.0,0.0,0.0,0.6382978723404256,0.0,0.0,0.0,0.14285714285714285,0.2188449848024316,0.0,0.0,0.0,0.0,0.0,0.0
Migosicegang,0.0,1.0,0.0,0.0,0.0,0.0,0.0,0.0,0.0,0.0,0.0,0.0,0.0,0.0,0.0
MoonBanana,0.0,0.0,0.0,1.0,0.0,0.0,0.0,0.0,0.0,0.0,0.0,0.0,0.0,0.0,0.0
Mr.Postman,0.2032520325203252,0.0,0.0,0.11382113821138211,0.0,0.0,0.0,0.0,0.0,0.0,0.0,0.6829268292682927,0.0,0.0,0.0
Mr.Sandman,0.0,0.0,1.0,0.0,0.0,0.0,0.0,0.0,0.0,0.0,0.0,0.0,0.0,0.0,0.0
MrBlow,0.3403361344537815,0.40756302521008403,0.0,0.0,0.0,0.0,0.0,0.0,0.22268907563025211,0.0,0.0,0.029411764705882353,0.0,0.0,0.0
Multi,0.0,0.0,0.0,0.0,0.0,0.0,0.057692307692307696,0.0,0.0,0.0,0.9423076923076923,0.0,0.0,0.0,0.0
NDD-DMT,0.0,0.0,0.0,0.0,1.0,0.0,0.0,0.0,0.0,0.0,0.0,0.0,0.0,0.0,0.0
NELIZ,0.0,0.0,0.0,0.0,0.0,0.0,1.0,0.0,0.0,0.0,0.0,0.0,0.0,0.0,0.0
NHS_UK,0.0,0.0,0.0,0.0,0.0,0.0,0.0,0.0,0.0,0.0,0.0,1.0,0.0,0.0,0.0
NordicBars,0.0,0.0,0.0,0.0,0.0,0.0,1.0,0.0,0.0,0.0,0.0,0.0,0.0,0.0,0.0
OneStop,1.0,0.0,0.0,0.0,0.0,0.0,0.0,0.0,0.0,0.0,0.0,0.0,0.0,0.0,0.0
PHARMALABS,0.0,0.0,0.0,0.0,0.0,0.0,0.0,0.0,0.0,0.0,1.0,0.0,0.0,0.0,0.0
PackzRus,0.0,0.0,0.0,0.7157894736842105,0.0,0.06315789473684211,0.0,0.0,0.22105263157894736,0.0,0.0,0.0,0.0,0.0,0.0
PaulReubens,0.0,0.0,0.0,0.0,0.0,0.07482993197278912,0.0,0.0,0.7210884353741497,0.0,0.0,0.20408163265306123,0.0,0.0,0.0
Perfect.Shrooms,0.0,0.0,0.0,0.0,0.0,0.0,0.0,0.0,0.0,0.0,0.0,0.0,0.0,1.0,0.0
PleasureIsland,0.1694915254237288,0.0,0.0,0.0,0.0,0.8305084745762712,0.0,0.0,0.0,0.0,0.0,0.0,0.0,0.0,0.0
PopeyeUK,0.0,0.0,0.0,0.0,0.0,0.0,0.0,0.0,0.0,0.0,0.0,1.0,0.0,0.0,0.0
Port-Royal,0.0,0.0,0.0,0.0,0.0,0.0673076923076923,0.0,0.0,0.9326923076923077,0.0,0.0,0.0,0.0,0.0,0.0
PostmanDRUGS,0.0,0.0,0.0,0.0,0.0,0.0,0.0,0.0,0.0,0.0,0.0,1.0,0.0,0.0,0.0
Qualitywhitee,0.5132450331125827,0.0,0.0,0.32781456953642385,0.0,0.0,0.0,0.0,0.0,0.0,0.0,0.15894039735099338,0.0,0.0,0.0
RayfulWhyte,0.0,0.0,0.0,0.0,0.0,0.0,0.0,0.0,0.0,0.0,0.0,0.5253164556962026,0.47468354430379744,0.0,0.0
RealPharmaceuticals,0.0,0.0,0.0,0.0,0.0,0.0,0.0,0.0,0.0,0.9603960396039604,0.039603960396039604,0.0,0.0,0.0,0.0
Recettear,1.0,0.0,0.0,0.0,0.0,0.0,0.0,0.0,0.0,0.0,0.0,0.0,0.0,0.0,0.0
Rotterdamus,0.0,0.0,0.0,0.0,0.0,1.0,0.0,0.0,0.0,0.0,0.0,0.0,0.0,0.0,0.0
RoyalMail,0.0,0.0,0.0,0.0,0.0,1.0,0.0,0.0,0.0,0.0,0.0,0.0,0.0,0.0,0.0
SNIFFKING,0.0,0.0,0.0,0.0,0.0,0.0,0.0,0.0,0.0,0.0,0.0,1.0,0.0,0.0,0.0
ScarlettsK,0.0,0.0,0.0,1.0,0.0,0.0,0.0,0.0,0.0,0.0,0.0,0.0,0.0,0.0,0.0
Shiny.Flakes,0.0,0.0,0.0,0.0,0.0,0.0,0.0,0.0,0.0,0.0,0.0,1.0,0.0,0.0,0.0
SigmaOmicron,0.08653846153846154,0.49038461538461536,0.014423076923076924,0.0,0.0,0.009615384615384616,0.0,0.0,0.0,0.0,0.0,0.39903846153846156,0.0,0.0,0.0
Smokey1884,0.0,0.20689655172413793,0.0,0.0,0.0,0.7844827586206896,0.0,0.0,0.0,0.0,0.0,0.008620689655172414,0.0,0.0,0.0
StealthPharmacy,0.0,0.0,0.0,0.0,0.0,0.0,0.9173333333333333,0.0,0.0,0.0,0.08266666666666667,0.0,0.0,0.0,0.0
Subs_Unlimited,0.0,0.0,0.0,0.0,0.0,0.0,0.0,0.0,0.0,0.0,0.0,0.0,0.0,0.0,1.0
Super_Shards,0.0,0.46153846153846156,0.0,0.0,0.0,0.0,0.0,0.0,0.0,0.0,0.0,0.0,0.5384615384615384,0.0,0.0
TREES,0.0,0.0,0.0,0.0,0.0,1.0,0.0,0.0,0.0,0.0,0.0,0.0,0.0,0.0,0.0
TheCzechMeth,0.0,1.0,0.0,0.0,0.0,0.0,0.0,0.0,0.0,0.0,0.0,0.0,0.0,0.0,0.0
TheLollipopGuild,0.0,0.4358108108108108,0.0,0.0,0.0,0.0,0.0,0.0,0.0,0.0,0.0,0.0,0.5641891891891891,0.0,0.0
ThePowerCartel,0.0,0.0,0.0,1.0,0.0,0.0,0.0,0.0,0.0,0.0,0.0,0.0,0.0,0.0,0.0
TheWisdomGoddess,0.0,0.0,0.0,0.0,0.0,0.0,0.0,0.0,0.0,0.0,0.0,0.0,0.0,1.0,0.0
Theshaman,0.0,0.0,0.0,0.0,0.0,1.0,0.0,0.0,0.0,0.0,0.0,0.0,0.0,0.0,0.0
Tollense-2,0.0,1.0,0.0,0.0,0.0,0.0,0.0,0.0,0.0,0.0,0.0,0.0,0.0,0.0,0.0
TorDrug,0.0,0.0,0.0,0.0,0.0,0.0,0.0,0.0,1.0,0.0,0.0,0.0,0.0,0.0,0.0
UKXAN,0.0,0.0,0.0,0.0,0.0,0.0,1.0,0.0,0.0,0.0,0.0,0.0,0.0,0.0,0.0
UKgradeAproducts,0.0,0.0,0.38613861386138615,0.0,0.6039603960396039,0.0,0.0,0.0,0.0,0.0,0.0,0.009900990099009901,0.0,0.0,0.0
WA2018,0.0,0.0,0.0,0.0,0.0,1.0,0.0,0.0,0.0,0.0,0.0,0.0,0.0,0.0,0.0
YOURDEALER,0.0,0.3523809523809524,0.0,0.0,0.0,0.3333333333333333,0.0,0.0,0.0,0.0,0.0,0.3142857142857143,0.0,0.0,0.0
a959c5358054230efa213c5104bd63ef,0.34782608695652173,0.21739130434782608,0.0,0.39855072463768115,0.0,0.0,0.0,0.0,0.036231884057971016,0.0,0.0,0.0,0.0,0.0,0.0
acc3ebb6a498d7b138f3242e235cf65e,0.24812030075187969,0.2706766917293233,0.19548872180451127,0.10526315789473684,0.0,0.0,0.022556390977443608,0.015037593984962405,0.0,0.022556390977443608,0.015037593984962405,0.10526315789473684,0.0,0.0,0.0
airforceone,0.0,0.0,0.0,0.0,0.0,0.0,0.0,0.0,0.27522935779816515,0.0,0.0,0.0,0.7247706422018348,0.0,0.0
ash_williams,0.0,0.0,0.0,0.0,0.0,0.0,0.0,0.0,0.0,0.0,0.0,0.0,0.0,1.0,0.0
ausroids.is,0.0,0.0,0.0,0.0,0.0,0.0,0.0,0.0,0.0,0.0,1.0,0.0,0.0,0.0,0.0
aussiebud,0.0,0.0,0.0,0.0,0.0,0.5310344827586206,0.0,0.0,0.0,0.0,0.0,0.4689655172413793,0.0,0.0,0.0
aussieroidmuncherr,0.07407407407407407,0.16296296296296298,0.0,0.0,0.0,0.0,0.762962962962963,0.0,0.0,0.0,0.0,0.0,0.0,0.0,0.0
avalanche,0.0,0.0,0.0,0.0,0.0,0.0,0.0,0.0,0.0,0.0,0.0,0.0,1.0,0.0,0.0
bangalow,0.0,0.0,0.0,0.0,0.0,0.0,0.2696629213483146,0.0,0.0,0.0,0.7303370786516854,0.0,0.0,0.0,0.0
blueviking,0.0,0.0,1.0,0.0,0.0,0.0,0.0,0.0,0.0,0.0,0.0,0.0,0.0,0.0,0.0
cashcow72,0.0,0.0,0.0,0.0,0.0,0.0,0.0,0.0,0.0,0.0,1.0,0.0,0.0,0.0,0.0
cd6ef672c2ff60a03fd009ec48602c0a,0.0,0.0,0.0,0.0,0.0,0.0,0.684931506849315,0.0,0.0,0.00684931506849315,0.3082191780821918,0.0,0.0,0.0,0.0
chemicalbuddies1,0.5947712418300654,0.0,0.0,0.40522875816993464,0.0,0.0,0.0,0.0,0.0,0.0,0.0,0.0,0.0,0.0,0.0
clawedfeats,0.0,0.0,0.0,0.0,0.0,0.0,0.5524861878453039,0.0,0.0,0.0,0.44751381215469616,0.0,0.0,0.0,0.0
czechairlines,0.8740157480314961,0.0,0.0,0.12598425196850394,0.0,0.0,0.0,0.0,0.0,0.0,0.0,0.0,0.0,0.0,0.0
d5ce5b3cd08850b72724a0fbf6293cf7,0.4926829268292683,0.0,0.0,0.3170731707317073,0.0,0.0,0.0,0.0,0.0,0.0,0.0,0.1902439024390244,0.0,0.0,0.0
dankcity,0.0,0.0,0.0,0.0,0.0,0.0,1.0,0.0,0.0,0.0,0.0,0.0,0.0,0.0,0.0
dayglow,0.5697674418604651,0.0,0.0,0.0,0.0,0.0,0.0,0.0,0.0,0.0,0.0,0.43023255813953487,0.0,0.0,0.0
deepbay,0.0,0.0,0.0,0.0,0.0,0.0,0.8307692307692308,0.16923076923076924,0.0,0.0,0.0,0.0,0.0,0.0,0.0
densc0rp,0.0,0.0,0.0,0.0,0.0,0.0,1.0,0.0,0.0,0.0,0.0,0.0,0.0,0.0,0.0
dp-dutchrunners,0.0,1.0,0.0,0.0,0.0,0.0,0.0,0.0,0.0,0.0,0.0,0.0,0.0,0.0,0.0
drugkingz,0.0,0.0,0.0,0.0,0.0,0.0,0.0,0.0,0.0,0.0,0.0,1.0,0.0,0.0,0.0
drugpharmacist,0.0,0.41379310344827586,0.0,0.0,0.0,0.0,0.0,0.0,0.0,0.0,0.0,0.43103448275862066,0.15517241379310345,0.0,0.0
dutch-christiana,0.24786324786324787,0.03418803418803419,0.008547008547008548,0.02564102564102564,0.0,0.05128205128205128,0.0,0.26495726495726496,0.017094017094017096,0.0,0.0,0.2905982905982906,0.05982905982905983,0.0,0.0
e0faa2e54e023f7431cd9c473ae40716,0.0,0.0,0.0,0.0,0.0,0.0,0.0,0.0,0.0,0.0,1.0,0.0,0.0,0.0,0.0
einsteingroup,0.0,0.0,0.0,0.0,0.0,0.0,0.6375,0.0,0.0,0.0,0.3625,0.0,0.0,0.0,0.0
fac981868431c672f678e369bc178d70,0.2073170731707317,0.3170731707317073,0.024390243902439025,0.012195121951219513,0.0,0.21951219512195122,0.0,0.0,0.0,0.0,0.0,0.1951219512195122,0.024390243902439025,0.0,0.0
fan.tomas,0.0,0.0,0.0,0.0,0.0,1.0,0.0,0.0,0.0,0.0,0.0,0.0,0.0,0.0,0.0
fantasy44,0.0,0.0,0.0,0.0,0.0,0.0,0.883495145631068,0.11650485436893204,0.0,0.0,0.0,0.0,0.0,0.0,0.0
frosties2014,1.0,0.0,0.0,0.0,0.0,0.0,0.0,0.0,0.0,0.0,0.0,0.0,0.0,0.0,0.0
fun-gee,0.0,0.0,0.0,0.0,0.0,0.0,0.0,0.0,0.0,0.0,0.0,0.0,0.0,1.0,0.0
g00d00,0.4942528735632184,0.0,0.0,0.0,0.0,0.0,0.0,0.0,0.0,0.0,0.0,0.5057471264367817,0.0,0.0,0.0
gordonflour,0.0,0.0,0.0,0.0,0.0,0.357487922705314,0.0,0.0,0.642512077294686,0.0,0.0,0.0,0.0,0.0,0.0
green.goddess,0.0,0.0,0.0,0.0,0.0,1.0,0.0,0.0,0.0,0.0,0.0,0.0,0.0,0.0,0.0
hiddenhands,0.0,0.0,0.0,1.0,0.0,0.0,0.0,0.0,0.0,0.0,0.0,0.0,0.0,0.0,0.0
hiddenshadows,0.0,0.0,0.0,0.0,0.0,0.0,0.0,0.0,0.0,0.0,0.0,1.0,0.0,0.0,0.0
highadventure,0.0,0.0,0.0,0.0,0.0,0.0,0.0,0.0,0.0,0.0,0.0,0.0,0.0,1.0,0.0
highrollers,0.36792452830188677,0.0,0.0,0.6320754716981132,0.0,0.0,0.0,0.0,0.0,0.0,0.0,0.0,0.0,0.0,0.0
incorporatedv2,0.0,0.0,0.0,0.2358490566037736,0.0,0.0,0.0,0.0,0.0,0.0,0.0,0.0,0.7641509433962265,0.0,0.0
kingofcannabiss,0.0,0.0,0.0,0.0,1.0,0.0,0.0,0.0,0.0,0.0,0.0,0.0,0.0,0.0,0.0
largomonkey,0.0,0.0,0.0,0.0,0.0,0.0,0.0,0.0,0.0,0.5797101449275363,0.0,0.42028985507246375,0.0,0.0,0.0
mailman-xans,0.0,0.0,0.0,0.0,0.0,0.0,1.0,0.0,0.0,0.0,0.0,0.0,0.0,0.0,0.0
mailordermary2,0.0,0.0,0.0,0.0,0.0,1.0,0.0,0.0,0.0,0.0,0.0,0.0,0.0,0.0,0.0
marcoback123,0.0,0.0,0.0,0.0,0.0,1.0,0.0,0.0,0.0,0.0,0.0,0.0,0.0,0.0,0.0
mr.J,1.0,0.0,0.0,0.0,0.0,0.0,0.0,0.0,0.0,0.0,0.0,0.0,0.0,0.0,0.0
mrs.feelgood,0.0,0.0,0.0,0.0,0.0,0.0,0.0,0.37850467289719625,0.0,0.6214953271028038,0.0,0.0,0.0,0.0,0.0
mushroomswaterfowl17,0.0,0.0,0.0,0.0,0.0,1.0,0.0,0.0,0.0,0.0,0.0,0.0,0.0,0.0,0.0
muttznutz,0.0,0.2483221476510067,0.0,0.0,0.0,0.0,0.09395973154362416,0.0,0.6577181208053692,0.0,0.0,0.0,0.0,0.0,0.0
nakiele1,0.175,0.0,0.825,0.0,0.0,0.0,0.0,0.0,0.0,0.0,0.0,0.0,0.0,0.0,0.0
onechance,0.0,1.0,0.0,0.0,0.0,0.0,0.0,0.0,0.0,0.0,0.0,0.0,0.0,0.0,0.0
onenation,0.0,0.1721311475409836,0.0,0.0,0.0,0.8278688524590164,0.0,0.0,0.0,0.0,0.0,0.0,0.0,0.0,0.0
originaldragoncove,0.0,0.0,0.0,0.0,0.0,0.0,0.0,0.0,0.0,0.0,0.0,0.09844559585492228,0.9015544041450777,0.0,0.0
pabst_paul,0.0,0.0,0.0,0.0,0.0,1.0,0.0,0.0,0.0,0.0,0.0,0.0,0.0,0.0,0.0
paloheina,0.0,0.0,0.0,0.0,0.0,1.0,0.0,0.0,0.0,0.0,0.0,0.0,0.0,0.0,0.0
pastrydam,0.0,0.0,0.0,0.0,0.0,0.0,0.0,0.0,0.0,0.0,0.0,1.0,0.0,0.0,0.0
philppplein,0.0,0.0,0.0,0.0,0.0,0.0,0.0,0.0,0.0,0.0,0.0,0.38016528925619836,0.6198347107438017,0.0,0.0
pillonpourvousservir,0.0,0.0,0.0,0.0,0.0,0.0,0.0,0.0,1.0,0.0,0.0,0.0,0.0,0.0,0.0
premiumcoke,0.0,0.0,0.0,0.0,0.0,0.0,0.0,0.0,0.0,0.0,0.0,1.0,0.0,0.0,0.0
projeccao,0.1566265060240964,0.0,0.18072289156626506,0.0,0.0,0.5963855421686747,0.0,0.0,0.06626506024096386,0.0,0.0,0.0,0.0,0.0,0.0
puremedicinehouse,0.0,0.0,0.0,0.0,1.0,0.0,0.0,0.0,0.0,0.0,0.0,0.0,0.0,0.0,0.0
radarbreeder,0.0,0.0,0.0,0.0,0.0,1.0,0.0,0.0,0.0,0.0,0.0,0.0,0.0,0.0,0.0
rickandmortyshop,0.0,0.0,0.0,0.0,0.0,0.0,0.0,0.0,0.0,0.0,0.0,0.49222797927461137,0.5077720207253886,0.0,0.0
ricksimpsonstyle,0.0,0.0,0.0,0.0,0.0,1.0,0.0,0.0,0.0,0.0,0.0,0.0,0.0,0.0,0.0
sakari,0.0,0.0,0.0,0.0,0.0,1.0,0.0,0.0,0.0,0.0,0.0,0.0,0.0,0.0,0.0
speedzone,0.0,1.0,0.0,0.0,0.0,0.0,0.0,0.0,0.0,0.0,0.0,0.0,0.0,0.0,0.0
sthompson,0.0,1.0,0.0,0.0,0.0,0.0,0.0,0.0,0.0,0.0,0.0,0.0,0.0,0.0,0.0
sunshining,0.0,0.0,0.0,0.0,0.0,0.0,0.0,0.0,0.0,0.0,0.0,0.0,0.0,1.0,0.0
superdrug,0.0,0.0,0.0,0.0,0.0,1.0,0.0,0.0,0.0,0.0,0.0,0.0,0.0,0.0,0.0
th3professionals,0.35602094240837695,0.16753926701570682,0.0,0.0,0.0,0.0,0.0,0.0,0.0,0.0,0.0,0.0,0.47643979057591623,0.0,0.0
thatsteroidguy,0.0,0.0,0.0,0.0,0.0,0.0,0.0,0.0,0.0,0.0,1.0,0.0,0.0,0.0,0.0
therealLBZ,0.0,0.0,0.0,0.0,0.0,0.0,0.0,0.0,0.0,0.0,0.0,1.0,0.0,0.0,0.0
tinyrock,0.0,0.0,0.0,0.0,0.0,0.44390243902439025,0.0,0.0,0.014634146341463415,0.0,0.0,0.5414634146341464,0.0,0.0,0.0
tonystarkweed,0.0,0.0,0.0,0.0,0.0,1.0,0.0,0.0,0.0,0.0,0.0,0.0,0.0,0.0,0.0
topbuzz,0.0,0.009523809523809525,0.0,0.0,0.0,0.0,0.4857142857142857,0.0,0.5047619047619047,0.0,0.0,0.0,0.0,0.0,0.0
trotters_stash,0.0,0.0,0.0,0.0,0.0,0.0,0.0,0.0,0.0,0.0,0.0,0.5163043478260869,0.483695652173913,0.0,0.0
ukbk,0.0,0.0,0.0,0.0,0.0,0.0,1.0,0.0,0.0,0.0,0.0,0.0,0.0,0.0,0.0
undergroundcoco,0.0,0.0,0.0,0.0,0.0,0.0,0.0,0.0,0.0,0.0,0.0,1.0,0.0,0.0,0.0
value.lucid,0.0,0.0,1.0,0.0,0.0,0.0,0.0,0.0,0.0,0.0,0.0,0.0,0.0,0.0,0.0
weedjs,0.0,0.0,0.0,0.0,0.0,1.0,0.0,0.0,0.0,0.0,0.0,0.0,0.0,0.0,0.0
xanastan,0.0,0.0,0.0,0.0,0.0,0.0,1.0,0.0,0.0,0.0,0.0,0.0,0.0,0.0,0.0
xangod,0.0,0.0,0.0,0.0,0.0,0.0,1.0,0.0,0.0,0.0,0.0,0.0,0.0,0.0,0.0
zouaves,0.0,0.0,0.0,0.0,0.0,0.0,0.0,0.0,0.0,0.0,0.0,0.0,1.0,0.0,0.0
